Architecture,Classes,Accuracy_vector,Precision_vector,Recall_vector,F1_vector,Accuracy_avg,Precision_Avg,Recall_Avg,F1_avg
MiniVGG1,airplane-automobile,"[0.97550000000000003, 0.97050000000000003, 0.97650000000000003, 0.97550000000000003, 0.97150000000000003, 0.97399999999999998, 0.96450000000000002, 0.97150000000000003, 0.97199999999999998, 0.96750000000000003]","[0.96317397806580263, 0.95639910089910085, 0.96598545636910726, 0.9613902077151335, 0.95434611602753194, 0.95945148514851475, 0.94608572844400385, 0.9565168818272094, 0.95527559055118105, 0.94739247311827968]","[0.97699999999999998, 0.97099999999999997, 0.97499999999999998, 0.98099999999999998, 0.97999999999999998, 0.97899999999999998, 0.96899999999999997, 0.97499999999999998, 0.97999999999999998, 0.97899999999999998]","[0.97553669495756368, 0.97051474262868564, 0.97646469704556837, 0.97563401292889107, 0.97174020823004459, 0.97412935323383076, 0.96465903434544542, 0.97159940209267559, 0.9722222222222221, 0.96786950074147304]",0.9719,0.956601701817,0.9766,0.972036986843
MiniVGG1,airplane-bird,"[0.92149999999999999, 0.92000000000000004, 0.92349999999999999, 0.91700000000000004, 0.93000000000000005, 0.90349999999999997, 0.92900000000000005, 0.91149999999999998, 0.92549999999999999, 0.91100000000000003]","[0.88043696275071626, 0.87799999999999989, 0.89346453900709222, 0.87732427184466033, 0.89770750988142289, 0.84698840321141833, 0.90541390041493774, 0.85843913435527508, 0.88600382775119613, 0.86104419889502759]","[0.94499999999999995, 0.94499999999999995, 0.91700000000000004, 0.93200000000000005, 0.93600000000000005, 0.96399999999999997, 0.91100000000000003, 0.96599999999999997, 0.94799999999999995, 0.95399999999999996]","[0.92330239374694667, 0.92195121951219505, 0.92299949672873682, 0.9182266009852218, 0.93041749502982118, 0.90900518623290905, 0.92769857433808556, 0.91607396870554769, 0.92713936430317834, 0.91466922339405565]",0.91925,0.878482274811,0.9418,0.921148352298
MiniVGG1,airplane-cat,"[0.93899999999999995, 0.95099999999999996, 0.91749999999999998, 0.96099999999999997, 0.95099999999999996, 0.9395, 0.93149999999999999, 0.94999999999999996, 0.94550000000000001, 0.95299999999999996]","[0.89860873605947966, 0.92032854406130271, 0.86098253275109171, 0.94259680638722554, 0.93562500000000004, 0.8977778801843318, 0.88424977375565605, 0.92391944990176822, 0.91194947569113449, 0.92808055009823187]","[0.97699999999999998, 0.97299999999999998, 0.98999999999999999, 0.96199999999999997, 0.93500000000000005, 0.98199999999999998, 0.98399999999999999, 0.95899999999999996, 0.96999999999999997, 0.96199999999999997]","[0.94123314065510599, 0.95205479452054798, 0.92307692307692313, 0.96103896103896103, 0.95020325203252043, 0.94196642685851328, 0.93491686460807599, 0.95044598612487607, 0.94680331869204493, 0.95341922695738357]",0.9439,0.910411874889,0.9694,0.945515889456
MiniVGG1,airplane-deer,"[0.85499999999999998, 0.9365, 0.90700000000000003, 0.87549999999999994, 0.93500000000000005, 0.89900000000000002, 0.90149999999999997, 0.88649999999999995, 0.94850000000000001, 0.84999999999999998]","[0.77534549689441001, 0.89005545536519381, 0.84483873720136526, 0.80136825141015311, 0.88828068592057763, 0.83261120401337796, 0.83655644481887115, 0.81619835390946505, 0.91312535211267609, 0.76966769706336935]","[0.999, 0.99099999999999999, 0.99299999999999999, 0.996, 0.98899999999999999, 0.997, 0.995, 0.99399999999999999, 0.98099999999999998, 0.997]","[0.87325174825174834, 0.9397818871503083, 0.91436464088397784, 0.88888888888888884, 0.93833017077798864, 0.90801457194899826, 0.9099222679469593, 0.89751693002257338, 0.95012106537530261, 0.8692240627724499]",0.89945,0.836804767871,0.9932,0.908941623402
MiniVGG1,airplane-dog,"[0.95599999999999996, 0.94350000000000001, 0.95450000000000002, 0.93000000000000005, 0.95699999999999996, 0.92300000000000004, 0.96399999999999997, 0.95750000000000002, 0.9395, 0.95799999999999996]","[0.92603428571428559, 0.90506057781919846, 0.9253039309683605, 0.88038461538461532, 0.92970327552986509, 0.86845526315789479, 0.94729599999999992, 0.93019971126082779, 0.89551000909918121, 0.93305058365758753]","[0.98099999999999998, 0.97999999999999998, 0.97599999999999998, 0.98899999999999999, 0.97599999999999998, 0.99299999999999999, 0.96399999999999997, 0.97699999999999998, 0.98899999999999999, 0.97199999999999998]","[0.95707317073170728, 0.94548962855764584, 0.95545766030347534, 0.93389990557129376, 0.95780176643768389, 0.92803738317757012, 0.96399999999999997, 0.95831289847964696, 0.94235350166746079, 0.95857988165680474]",0.9483,0.914099825259,0.9797,0.950100579658
MiniVGG1,airplane-frog,"[0.96499999999999997, 0.9345, 0.96450000000000002, 0.9355, 0.94499999999999995, 0.94550000000000001, 0.93999999999999995, 0.92400000000000004, 0.97150000000000003, 0.94199999999999995]","[0.9364858490566037, 0.88506355555555549, 0.93754043767840145, 0.8872408400357461, 0.9021960072595282, 0.90367092069279853, 0.89378815080789953, 0.86914685314685314, 0.95348971596474053, 0.89764014466546116]","[0.995, 0.997, 0.98999999999999999, 0.995, 0.996, 0.99399999999999999, 0.997, 0.996, 0.98199999999999998, 0.995]","[0.96601941747572806, 0.9383529411764705, 0.96538274012676739, 0.93912222746578577, 0.94766888677450056, 0.94802098235574628, 0.94323557237464517, 0.92910447761194026, 0.97179614052449292, 0.94491927825261146]",0.94675,0.906626247486,0.9937,0.949362266414
MiniVGG1,airplane-horse,"[0.95699999999999996, 0.94999999999999996, 0.96099999999999997, 0.95599999999999996, 0.96650000000000003, 0.94999999999999996, 0.95899999999999996, 0.96099999999999997, 0.96250000000000002, 0.96199999999999997]","[0.92778339694656498, 0.91531954887218048, 0.93967421259842521, 0.92832369942196524, 0.94432880698351107, 0.91425233644859816, 0.93850892857142854, 0.93844618395303325, 0.94451645064805589, 0.94359362549800796]","[0.98099999999999998, 0.98199999999999998, 0.96899999999999997, 0.97499999999999998, 0.98199999999999998, 0.98499999999999999, 0.96299999999999997, 0.97199999999999998, 0.96399999999999997, 0.96399999999999997]","[0.9580078125, 0.95155038759689925, 0.96130952380952372, 0.95682041216879288, 0.96701132447070404, 0.95169082125603865, 0.95916334661354585, 0.96142433234421365, 0.96255616575137304, 0.96207584830339321]",0.9585,0.933474718994,0.9737,0.959160997481
MiniVGG1,airplane-ship,"[0.86950000000000005, 0.874, 0.87150000000000005, 0.89649999999999996, 0.88900000000000001, 0.89449999999999996, 0.85099999999999998, 0.89449999999999996, 0.91000000000000003, 0.88049999999999995]","[0.7971205761316873, 0.80434563758389255, 0.80047339983374899, 0.83874352100089367, 0.82770510563380273, 0.83461120917917042, 0.77250866141732277, 0.83911896080218784, 0.86151769087523267, 0.8120164003364172]","[0.97699999999999998, 0.96999999999999997, 0.97299999999999998, 0.95599999999999996, 0.95699999999999996, 0.96099999999999997, 0.98599999999999999, 0.94299999999999995, 0.94699999999999995, 0.97499999999999998]","[0.88216704288939052, 0.88503649635036497, 0.88334089877439859, 0.90231241151486552, 0.89606741573033699, 0.90107829348335688, 0.86872246696035227, 0.89938006676204096, 0.91321118611378971, 0.89081772498857914]",0.8831,0.818816116279,0.9645,0.892213400357
MiniVGG1,airplane-truck,"[0.91700000000000004, 0.93300000000000005, 0.93700000000000006, 0.92949999999999999, 0.92249999999999999, 0.92600000000000005, 0.90449999999999997, 0.9355, 0.91949999999999998, 0.90849999999999997]","[0.86431451612903221, 0.89852815533980579, 0.89832015065913362, 0.88960331753554511, 0.87397219690063821, 0.87949174311926592, 0.84269656652360525, 0.89820694576593718, 0.86645547640249321, 0.85024496937882765]","[0.97499999999999998, 0.94799999999999995, 0.96799999999999997, 0.95699999999999996, 0.97099999999999997, 0.97099999999999997, 0.98699999999999999, 0.96099999999999997, 0.98099999999999998, 0.97999999999999998]","[0.92155009451795844, 0.93399014778325118, 0.93889427740058184, 0.93138686131386861, 0.92608488316642834, 0.92918660287081334, 0.91177829099307162, 0.93710385177961975, 0.92416391898257177, 0.91460569295380312]",0.9233,0.876183403775,0.9699,0.926874462176
MiniVGG1,automobile-bird,"[0.97150000000000003, 0.97350000000000003, 0.95899999999999996, 0.95099999999999996, 0.97499999999999998, 0.96150000000000002, 0.96799999999999997, 0.96850000000000003, 0.96599999999999997, 0.95450000000000002]","[0.96190691759918612, 0.95677183513248276, 0.92639813084112155, 0.9114241316270566, 0.95957185039370074, 0.93110959548447791, 0.94705836575875491, 0.94591080038572795, 0.95595277207392204, 0.91693801652892559]","[0.96299999999999997, 0.98299999999999998, 0.99399999999999999, 0.998, 0.98299999999999998, 0.99299999999999999, 0.98199999999999998, 0.98699999999999999, 0.95299999999999996, 0.999]","[0.97125567322239037, 0.97374938088162455, 0.96038647342995176, 0.953199617956065, 0.97519841269841268, 0.96267571497818716, 0.96844181459566081, 0.96907216494845361, 0.96555217831813578, 0.95643848731450465]",0.96485,0.941304241583,0.9835,0.965596991834
MiniVGG1,automobile-cat,"[0.96250000000000002, 0.96750000000000003, 0.92949999999999999, 0.96599999999999997, 0.96399999999999997, 0.97150000000000003, 0.96399999999999997, 0.96199999999999997, 0.95799999999999996, 0.96450000000000002]","[0.93594497607655502, 0.95429112008072647, 0.87872355555555559, 0.95279352226720637, 0.93941425818882451, 0.95739730807577272, 0.9576771488469602, 0.94401796407185623, 0.92614661654135333, 0.94865947843530596]","[0.98499999999999999, 0.96299999999999997, 0.99199999999999999, 0.95999999999999996, 0.98299999999999998, 0.97299999999999998, 0.94099999999999995, 0.96299999999999997, 0.98999999999999999, 0.96299999999999997]","[0.96332518337408313, 0.96735308890005023, 0.9336470588235295, 0.96579476861167002, 0.9646712463199214, 0.97154268597104343, 0.96315250767656091, 0.96203796203796199, 0.95930232558139528, 0.9644466700050075]",0.96095,0.939506594814,0.9713,0.96152734973
MiniVGG1,automobile-deer,"[0.97150000000000003, 0.95750000000000002, 0.96150000000000002, 0.97750000000000004, 0.97050000000000003, 0.95350000000000001, 0.94650000000000001, 0.96050000000000002, 0.97250000000000003, 0.97250000000000003]","[0.94808261700095509, 0.92309192200557111, 0.9307333333333333, 0.96250490677134448, 0.9491342995169082, 0.91665050784856872, 0.90465332120109199, 0.92862254443405057, 0.95112608277189614, 0.95154050144648017]","[0.995, 0.996, 0.99399999999999999, 0.98699999999999999, 0.98799999999999999, 0.995, 0.996, 0.995, 0.99199999999999999, 0.99099999999999999]","[0.97215437225207613, 0.9590755897929707, 0.96271186440677958, 0.97771173848439819, 0.971007371007371, 0.95535285645703316, 0.94902334444973813, 0.96181730304494928, 0.97302599313388927, 0.97299950908198329]",0.9644,0.936614003633,0.9929,0.965487994211
MiniVGG1,automobile-dog,"[0.97199999999999998, 0.97899999999999998, 0.97250000000000003, 0.97750000000000004, 0.97699999999999998, 0.97899999999999998, 0.97699999999999998, 0.95950000000000002, 0.98150000000000004, 0.97699999999999998]","[0.95062813102119459, 0.96894100000000005, 0.9527934044616877, 0.96033041788143825, 0.96467196819085488, 0.97267174796747979, 0.96422321428571434, 0.92763214620431111, 0.97236063936063932, 0.96467196819085488]","[0.99099999999999999, 0.97899999999999998, 0.98799999999999999, 0.99199999999999999, 0.97999999999999998, 0.97099999999999997, 0.98099999999999998, 0.99299999999999999, 0.98199999999999998, 0.97999999999999998]","[0.97252208047105004, 0.97899999999999998, 0.97291974396848846, 0.97782158698866428, 0.97706879361914256, 0.97883064516129037, 0.97709163346613548, 0.96081277213352689, 0.98150924537731121, 0.97706879361914256]",0.9752,0.959892463756,0.9837,0.97546452948
MiniVGG1,automobile-frog,"[0.94899999999999995, 0.93200000000000005, 0.98199999999999998, 0.96599999999999997, 0.95199999999999996, 0.97399999999999998, 0.93000000000000005, 0.94299999999999995, 0.94650000000000001, 0.9395]","[0.90844251824817523, 0.88057142857142856, 0.96921611001964636, 0.93825141776937615, 0.91447232472324724, 0.95428820116054158, 0.87747803163444638, 0.89926177536231888, 0.90399546690843158, 0.89329919137466307]","[0.997, 0.999, 0.99099999999999999, 0.995, 0.99399999999999999, 0.99099999999999999, 0.999, 0.995, 0.998, 0.996]","[0.95133587786259532, 0.93626991565135886, 0.98216055500495536, 0.96695821185617103, 0.95393474088291741, 0.97443461160275324, 0.93451824134705341, 0.94581749049429664, 0.94912030432715178, 0.94273544723142444]",0.9514,0.913927646577,0.9955,0.953728539626
MiniVGG1,automobile-horse,"[0.97399999999999998, 0.97450000000000003, 0.97399999999999998, 0.96350000000000002, 0.97450000000000003, 0.97850000000000004, 0.97350000000000003, 0.97450000000000003, 0.95050000000000001, 0.97899999999999998]","[0.9568395303326811, 0.95863667649950846, 0.95386872586872584, 0.9346133144475921, 0.9543669238187078, 0.96394308145240426, 0.96670102564102556, 0.95648101265822782, 0.90991810737033663, 0.96712003968253968]","[0.98499999999999999, 0.98299999999999998, 0.99199999999999999, 0.99299999999999999, 0.99299999999999999, 0.98799999999999999, 0.96099999999999997, 0.98799999999999999, 1.0, 0.98299999999999998]","[0.97428288822947573, 0.97471492315319785, 0.97445972495088418, 0.96454589606605146, 0.97496318114874825, 0.97870232788509159, 0.97316455696202531, 0.97483966452886039, 0.95283468318246778, 0.97908366533864533]",0.97165,0.952248843777,0.9866,0.972159151145
MiniVGG1,automobile-ship,"[0.92700000000000005, 0.93700000000000006, 0.93300000000000005, 0.93049999999999999, 0.92000000000000004, 0.94950000000000001, 0.89500000000000002, 0.92249999999999999, 0.90500000000000003, 0.91400000000000003]","[0.88170018450184506, 0.89565120593692027, 0.89371077504725893, 0.88543388429752068, 0.86638297872340431, 0.91921607314725695, 0.82994906621392195, 0.87308703535811416, 0.84269230769230763, 0.86058064516129029]","[0.96899999999999997, 0.97599999999999998, 0.96199999999999997, 0.97499999999999998, 0.98399999999999999, 0.96899999999999997, 0.98399999999999999, 0.97399999999999998, 0.98999999999999999, 0.97199999999999998]","[0.9299424184261037, 0.93936477382098171, 0.9348882410106899, 0.93346098611775974, 0.92481203007518797, 0.95046591466405106, 0.90358126721763099, 0.92629576795054669, 0.91244239631336399, 0.91871455576559535]",0.92335,0.874840415608,0.9755,0.927396835136
MiniVGG1,automobile-truck,"[0.89500000000000002, 0.86499999999999999, 0.83250000000000002, 0.78700000000000003, 0.873, 0.88700000000000001, 0.85099999999999998, 0.88100000000000001, 0.84499999999999997, 0.89000000000000001]","[0.85383767535070132, 0.79242161716171622, 0.75148997686969921, 0.70225106990014263, 0.80623235800344228, 0.83640935114503812, 0.77406079999999999, 0.85545568181818177, 0.76772000000000007, 0.83153500897666066]","[0.89400000000000002, 0.97099999999999997, 0.98099999999999998, 0.98799999999999999, 0.95399999999999996, 0.91100000000000003, 0.97599999999999998, 0.82099999999999995, 0.96999999999999997, 0.94699999999999995]","[0.89489489489489482, 0.87793851717902349, 0.85415759686547665, 0.82264779350541217, 0.8825161887141536, 0.8896484375, 0.86755555555555541, 0.87340425531914889, 0.86222222222222233, 0.89593188268684953]",0.86065,0.797141353923,0.9413,0.872091734444
MiniVGG1,bird-cat,"[0.8125, 0.82650000000000001, 0.8095, 0.82050000000000001, 0.81100000000000005, 0.81950000000000001, 0.81950000000000001, 0.83099999999999996, 0.81799999999999995, 0.80100000000000005]","[0.73783416875522145, 0.76297146866230114, 0.73531370899915904, 0.7537170154686077, 0.73719003378378378, 0.75064959928762243, 0.74953034300791566, 0.77105009633911359, 0.76455741127348653, 0.7239205834683955]","[0.91100000000000003, 0.86099999999999999, 0.90400000000000003, 0.87, 0.90300000000000002, 0.88100000000000001, 0.88800000000000001, 0.84999999999999998, 0.79700000000000004, 0.91800000000000004]","[0.82931269913518435, 0.83228612856452389, 0.82594792142530837, 0.82896617436874687, 0.82692307692307698, 0.82995760715967959, 0.83107159569489941, 0.83415112855740914, 0.81409601634320738, 0.82184422560429726]",0.8169,0.748673442905,0.8783,0.827455657378
MiniVGG1,bird-deer,"[0.91449999999999998, 0.89300000000000002, 0.90549999999999997, 0.90700000000000003, 0.88200000000000001, 0.89149999999999996, 0.89000000000000001, 0.89600000000000002, 0.88849999999999996, 0.89349999999999996]","[0.87719090009891199, 0.8376782449725777, 0.85264083865086604, 0.85889305816135086, 0.81466440677966101, 0.83055408970976252, 0.82865553602811937, 0.83801428571428571, 0.82402837489251934, 0.83487867975022301]","[0.92000000000000004, 0.93999999999999995, 0.95399999999999996, 0.93999999999999995, 0.97199999999999998, 0.95999999999999996, 0.95899999999999996, 0.95599999999999996, 0.96999999999999997, 0.95399999999999996]","[0.91496767777225274, 0.89780324737344797, 0.9098712446351932, 0.90997095837366893, 0.89174311926605498, 0.89845577912962105, 0.89710009354536946, 0.9018867924528301, 0.89690245030050852, 0.89957567185289966]",0.89615,0.839719841476,0.9525,0.90182770347
MiniVGG1,bird-dog,"[0.91349999999999998, 0.91449999999999998, 0.90349999999999997, 0.874, 0.89400000000000002, 0.90200000000000002, 0.89700000000000002, 0.88649999999999995, 0.88849999999999996, 0.90049999999999997]","[0.87963397371081897, 0.87197698945349944, 0.88125633958103644, 0.85716545012165457, 0.83610035842293895, 0.87219067796610172, 0.83897147950089135, 0.82081810418445778, 0.82770026525198948, 0.85286679352997141]","[0.90800000000000003, 0.93600000000000005, 0.85699999999999998, 0.78500000000000003, 0.95199999999999996, 0.874, 0.95799999999999996, 0.97199999999999998, 0.95399999999999996, 0.92600000000000005]","[0.91302161890397182, 0.91629955947136554, 0.89879391714735191, 0.86169045005488487, 0.89981096408317573, 0.89917695473251025, 0.90292177191328948, 0.89543988945186548, 0.89535429375879871, 0.90297415894685518]",0.8974,0.853868043172,0.9122,0.898548357846
MiniVGG1,bird-frog,"[0.88500000000000001, 0.87649999999999995, 0.90200000000000002, 0.83550000000000002, 0.85299999999999998, 0.85550000000000004, 0.88549999999999995, 0.82750000000000001, 0.83750000000000002, 0.85599999999999998]","[0.81705882352941173, 0.80491851851851859, 0.84226223776223774, 0.7538710788064269, 0.77555325914149442, 0.77781353919239904, 0.81858425063505502, 0.74482048374905507, 0.75563501144164769, 0.77858412698412693]","[0.97999999999999998, 0.98399999999999999, 0.97399999999999998, 0.98899999999999999, 0.98199999999999998, 0.98699999999999999, 0.97599999999999998, 0.98899999999999999, 0.99299999999999999, 0.98599999999999999]","[0.89497716894977164, 0.8884875846501129, 0.90858208955223874, 0.8573905504984829, 0.86979627989371122, 0.87229341581970843, 0.8950022925263641, 0.85148514851485146, 0.85936823885763747, 0.87256637168141582]",0.8614,0.786910132976,0.984,0.876994914094
MiniVGG1,bird-horse,"[0.90249999999999997, 0.91100000000000003, 0.92200000000000004, 0.91549999999999998, 0.91700000000000004, 0.92449999999999999, 0.90749999999999997, 0.92000000000000004, 0.89400000000000002, 0.91700000000000004]","[0.89073099415204671, 0.86396247654784242, 0.89346311475409834, 0.89121466524973436, 0.89507618025751068, 0.89191126620139594, 0.89053993250843644, 0.89490566037735853, 0.83013550600343056, 0.88343863179074456]","[0.82999999999999996, 0.94399999999999995, 0.91000000000000003, 0.88600000000000001, 0.88300000000000001, 0.92600000000000005, 0.85199999999999998, 0.89700000000000002, 0.97699999999999998, 0.91400000000000003]","[0.89487870619946097, 0.91384317521781211, 0.92105263157894735, 0.91293147861926838, 0.91407867494824013, 0.92461308037943091, 0.90206458443620963, 0.91811668372569089, 0.90212373037857796, 0.9167502507522568]",0.9131,0.882537842784,0.9019,0.912045299624
MiniVGG1,bird-ship,"[0.95850000000000002, 0.96499999999999997, 0.96550000000000002, 0.94850000000000001, 0.9335, 0.95899999999999996, 0.97099999999999997, 0.96550000000000002, 0.96099999999999997, 0.96599999999999997]","[0.92813576158940392, 0.94490176817288796, 0.94665942744323783, 0.94505378704720089, 0.88650813008130069, 0.94895937500000005, 0.95514455445544555, 0.94415512195121942, 0.93445489443378116, 0.94758102766798413]","[0.98699999999999999, 0.97399999999999998, 0.97199999999999998, 0.90400000000000003, 0.98699999999999999, 0.93899999999999995, 0.97599999999999998, 0.97799999999999998, 0.98199999999999998, 0.97199999999999998]","[0.95964997569275645, 0.96531219028741333, 0.96572280178837555, 0.94610151753008886, 0.93687707641196005, 0.95816326530612239, 0.97114427860696517, 0.96592592592592585, 0.96180215475024489, 0.96620278330019871]",0.95935,0.938155384784,0.9671,0.95969019696
MiniVGG1,bird-truck,"[0.97299999999999998, 0.96999999999999997, 0.97399999999999998, 0.97299999999999998, 0.97450000000000003, 0.97150000000000003, 0.96999999999999997, 0.96999999999999997, 0.97050000000000003, 0.97050000000000003]","[0.96203326612903228, 0.94946601941747577, 0.95901185770750985, 0.95845337301587308, 0.96398741188318238, 0.95477684729064038, 0.96179671457905536, 0.95414682539682538, 0.96323171987641609, 0.96183162743091088]","[0.96899999999999997, 0.98499999999999999, 0.97999999999999998, 0.97699999999999998, 0.97099999999999997, 0.97899999999999998, 0.95699999999999996, 0.97399999999999998, 0.95599999999999996, 0.95899999999999996]","[0.97289156626506013, 0.97044334975369451, 0.97415506958250497, 0.97310756972111556, 0.97441043652784753, 0.97171215880893291, 0.96960486322188444, 0.97011952191235062, 0.97006595636732629, 0.97015680323722819]",0.9717,0.958873566273,0.9707,0.97166672954
MiniVGG1,cat-deer,"[0.8075, 0.77449999999999997, 0.82499999999999996, 0.85099999999999998, 0.82599999999999996, 0.78849999999999998, 0.71550000000000002, 0.84150000000000003, 0.86499999999999999, 0.83399999999999996]","[0.72468492123030759, 0.69072782114975162, 0.74425309597523226, 0.77648442622950808, 0.74551242236024839, 0.70408626887131565, 0.6378084142394822, 0.76518097165991894, 0.79814670138888899, 0.7563878205128205]","[0.97399999999999998, 0.97899999999999998, 0.97099999999999997, 0.96099999999999997, 0.96999999999999997, 0.98399999999999999, 0.98799999999999999, 0.95899999999999996, 0.94099999999999995, 0.95799999999999996]","[0.8349764252036006, 0.81278538812785384, 0.84729493891797547, 0.8657657657657658, 0.84790209790209792, 0.82308657465495616, 0.77642436149312377, 0.85816554809843393, 0.87453531598513012, 0.85231316725978645]",0.81285,0.734327286362,0.9685,0.839324958341
MiniVGG1,cat-dog,"[0.745, 0.76649999999999996, 0.75900000000000001, 0.76649999999999996, 0.75749999999999995, 0.68149999999999999, 0.75700000000000001, 0.76500000000000001, 0.76249999999999996, 0.76500000000000001]","[0.70339622641509436, 0.69882917820867962, 0.7229275766016714, 0.71651172332942559, 0.7119447929736511, 0.66682909930715939, 0.70044880174291946, 0.70230616302186877, 0.7129893238434164, 0.71610119047619047]","[0.61599999999999999, 0.80800000000000005, 0.61799999999999999, 0.69299999999999995, 0.65600000000000003, 0.39800000000000002, 0.71599999999999997, 0.76800000000000002, 0.68400000000000005, 0.68500000000000005]","[0.70723306544202069, 0.77580412866058579, 0.71944121071012812, 0.7479762547220723, 0.73010573177518079, 0.55547801814375442, 0.74661105318039633, 0.76570289132602187, 0.74226804123711343, 0.74456521739130432]",0.75255,0.705228407592,0.6642,0.723518561259
MiniVGG1,cat-frog,"[0.78049999999999997, 0.755, 0.81000000000000005, 0.80300000000000005, 0.85250000000000004, 0.82950000000000002, 0.70299999999999996, 0.80249999999999999, 0.86250000000000004, 0.80600000000000005]","[0.6961705756929637, 0.67167459239130434, 0.72725563909774449, 0.71940606508875748, 0.77835045193097785, 0.74910916860916865, 0.6274502518891687, 0.71838591342626557, 0.79195450716090987, 0.72308682634730537]","[0.98399999999999999, 0.99099999999999999, 0.97499999999999998, 0.97899999999999998, 0.96099999999999997, 0.97299999999999998, 0.997, 0.98399999999999999, 0.95599999999999996, 0.97399999999999998]","[0.81761528874117162, 0.80177993527508096, 0.83690987124463523, 0.83248299319727903, 0.86693730266125391, 0.85089637079142977, 0.77047913446676974, 0.83283961066440959, 0.87425697302240513, 0.83390410958904104]",0.80045,0.720284399163,0.9774,0.831810158965
MiniVGG1,cat-horse,"[0.82799999999999996, 0.87749999999999995, 0.90200000000000002, 0.89300000000000002, 0.90149999999999997, 0.88800000000000001, 0.89500000000000002, 0.89549999999999996, 0.87649999999999995, 0.878]","[0.82174780058651031, 0.86106711003627567, 0.87328571428571433, 0.87281164383561638, 0.87352840300107171, 0.87028103044496485, 0.86709239130434779, 0.86945170142700334, 0.86132967032967034, 0.86114939759036147]","[0.66900000000000004, 0.79100000000000004, 0.871, 0.83099999999999996, 0.86799999999999999, 0.81499999999999995, 0.85499999999999998, 0.85099999999999998, 0.78600000000000003, 0.79300000000000004]","[0.79548156956004756, 0.86590038314176243, 0.89886480908152744, 0.88592750533049025, 0.89808587687532326, 0.87918015102481117, 0.890625, 0.89063317634746209, 0.86421110500274867, 0.8666666666666667]",0.8835,0.863174486284,0.813,0.873557624303
MiniVGG1,cat-ship,"[0.95299999999999996, 0.95450000000000002, 0.95699999999999996, 0.95950000000000002, 0.94750000000000001, 0.95799999999999996, 0.96450000000000002, 0.95499999999999996, 0.95950000000000002, 0.94199999999999995]","[0.93981496881496884, 0.94355392670157068, 0.9332539215686273, 0.93335679845708774, 0.91003488372093022, 0.93305058365758753, 0.94608572844400385, 0.94727176220806797, 0.93414520813165536, 0.90056250000000004]","[0.93400000000000005, 0.93200000000000005, 0.96699999999999997, 0.97799999999999998, 0.98499999999999999, 0.97199999999999998, 0.96899999999999997, 0.92600000000000005, 0.97599999999999998, 0.98599999999999999]","[0.95208970438328233, 0.95345268542199479, 0.95742574257425739, 0.9602356406480117, 0.94939759036144589, 0.95857988165680474, 0.96465903434544542, 0.95365602471678679, 0.96015740285292672, 0.94444444444444453]",0.95505,0.93211302817,0.9625,0.955409815141
MiniVGG1,cat-truck,"[0.96350000000000002, 0.95750000000000002, 0.91900000000000004, 0.95199999999999996, 0.96299999999999997, 0.92600000000000005, 0.96150000000000002, 0.94999999999999996, 0.92849999999999999, 0.95599999999999996]","[0.94466600594648165, 0.93415358194308151, 0.91604235294117653, 0.94474089935760175, 0.95249896907216491, 0.9211146788990825, 0.9456664984863774, 0.94415584415584419, 0.92554142692750285, 0.94642016806722684]","[0.96799999999999997, 0.96699999999999997, 0.84399999999999997, 0.91900000000000004, 0.94799999999999995, 0.86199999999999999, 0.95699999999999996, 0.91200000000000003, 0.86299999999999999, 0.93200000000000005]","[0.96366351418616214, 0.95789995047052989, 0.91243243243243244, 0.95036194415718711, 0.96243654822335023, 0.92094017094017089, 0.96132596685082883, 0.94802494802494797, 0.92348849652220444, 0.95491803278688525]",0.9477,0.93750004258,0.9172,0.945549200459
MiniVGG1,deer-dog,"[0.77700000000000002, 0.82999999999999996, 0.85850000000000004, 0.78249999999999997, 0.76600000000000001, 0.70650000000000002, 0.84350000000000003, 0.78749999999999998, 0.84650000000000003, 0.78349999999999997]","[0.77311228070175442, 0.82146551724137939, 0.8433908045977011, 0.77720613287904605, 0.76306617647058828, 0.70550959232613908, 0.8340502063273727, 0.78220268006700167, 0.83794444444444438, 0.77867035775127769]","[0.56200000000000006, 0.67800000000000005, 0.75, 0.57599999999999996, 0.53800000000000003, 0.41499999999999998, 0.70699999999999996, 0.58599999999999997, 0.71099999999999997, 0.57699999999999996]","[0.71592356687898095, 0.79952830188679247, 0.84127874369040934, 0.72589792060491498, 0.69689119170984459, 0.58574453069865917, 0.81876085697741741, 0.73387601753287401, 0.82244071717755929, 0.72715816005040956]",0.79815,0.791661819281,0.61,0.746750000721
MiniVGG1,deer-frog,"[0.90549999999999997, 0.89300000000000002, 0.88949999999999996, 0.90949999999999998, 0.88449999999999995, 0.90049999999999997, 0.85399999999999998, 0.88100000000000001, 0.88100000000000001, 0.90300000000000002]","[0.85401977920883176, 0.83033795493934137, 0.82386510638297872, 0.8753402848423194, 0.81575898078529652, 0.83984986945169715, 0.77693301435406692, 0.81106561461794024, 0.81227936241610732, 0.86722346938775519]","[0.94899999999999995, 0.96999999999999997, 0.97699999999999998, 0.90100000000000002, 0.98299999999999998, 0.97499999999999998, 0.98099999999999998, 0.98299999999999998, 0.97699999999999998, 0.89300000000000002]","[0.90943938667944413, 0.90064995357474464, 0.89839080459770115, 0.90872415532022199, 0.8948566226672735, 0.9073987901349464, 0.87045252883762203, 0.89201451905626128, 0.89142335766423353, 0.90202020202020206]",0.89015,0.830667343639,0.9589,0.897537032055
MiniVGG1,deer-horse,"[0.85699999999999998, 0.85699999999999998, 0.82650000000000001, 0.83150000000000002, 0.81850000000000001, 0.82150000000000001, 0.83250000000000002, 0.79249999999999998, 0.83550000000000002, 0.78549999999999998]","[0.83242391304347829, 0.83430562347188264, 0.81110332871012492, 0.81246862483311078, 0.80777452415812601, 0.81208565153733525, 0.81832187070151308, 0.7867364532019705, 0.81605072463768114, 0.7761546644844517]","[0.77100000000000002, 0.76600000000000001, 0.68700000000000006, 0.70599999999999996, 0.66000000000000003, 0.66300000000000003, 0.69599999999999995, 0.59699999999999998, 0.71499999999999997, 0.59099999999999997]","[0.84354485776805244, 0.84268426842684263, 0.79837303893085421, 0.80731846769582616, 0.78431372549019607, 0.78787878787878773, 0.8060220034742327, 0.74207582349285273, 0.81296191017623631, 0.73370577281191807]",0.8258,0.810742537878,0.6852,0.795887865615
MiniVGG1,deer-ship,"[0.96399999999999997, 0.91749999999999998, 0.95950000000000002, 0.96699999999999997, 0.96450000000000002, 0.95750000000000002, 0.96950000000000003, 0.94750000000000001, 0.96399999999999997, 0.95250000000000001]","[0.94903225806451619, 0.91309495896834703, 0.94630410256410258, 0.95028827037773356, 0.94693681592039791, 0.94519906928645292, 0.95452093718843467, 0.94071235102925244, 0.95168979591836733, 0.94524064171123001]","[0.95999999999999996, 0.84399999999999997, 0.94699999999999995, 0.96999999999999997, 0.96699999999999997, 0.94099999999999995, 0.97099999999999997, 0.90900000000000003, 0.95399999999999996, 0.92000000000000004]","[0.96385542168674698, 0.91095520777118177, 0.95898734177215195, 0.96709870388833497, 0.96458852867830414, 0.95678698525673611, 0.96954568147778331, 0.94539781591263661, 0.96363636363636351, 0.95090439276485783]",0.95635,0.944301920103,0.9383,0.955175644285
MiniVGG1,deer-truck,"[0.98799999999999999, 0.98250000000000004, 0.97699999999999998, 0.98250000000000004, 0.98250000000000004, 0.98350000000000004, 0.98150000000000004, 0.98450000000000004, 0.98150000000000004, 0.97799999999999998]","[0.98406451612903223, 0.97760152284263957, 0.97452593360995854, 0.97856523955147812, 0.97905005107252296, 0.98151641025641023, 0.98000928792569653, 0.98251637666325475, 0.9775653728294178, 0.97503719008264456]","[0.98399999999999999, 0.97499999999999998, 0.95899999999999996, 0.97299999999999998, 0.97199999999999998, 0.97099999999999997, 0.96599999999999997, 0.97299999999999998, 0.97099999999999997, 0.96199999999999997]","[0.98795180722891562, 0.98236775818639799, 0.97657841140529522, 0.98233215547703179, 0.98231430015159171, 0.98329113924050626, 0.98120873539867948, 0.98431967627718764, 0.98130368873168272, 0.97764227642276413]",0.98215,0.979045190096,0.9706,0.981930994852
MiniVGG1,dog-frog,"[0.93999999999999995, 0.93000000000000005, 0.89100000000000001, 0.89100000000000001, 0.89700000000000002, 0.90549999999999997, 0.88349999999999995, 0.89800000000000002, 0.86750000000000005, 0.89749999999999996]","[0.89992565055762075, 0.88557195571955716, 0.82332692307692312, 0.8222669983416252, 0.83050083752093806, 0.84340889649272888, 0.81180897959183673, 0.83166666666666678, 0.79102263701350273, 0.83164003364171568]","[0.97799999999999998, 0.97199999999999998, 0.98899999999999999, 0.99399999999999999, 0.99399999999999999, 0.98999999999999999, 0.996, 0.995, 0.997, 0.99199999999999999]","[0.94219653179190743, 0.93282149712092122, 0.90072859744990885, 0.90117860380779691, 0.90610756608933463, 0.91286307053941906, 0.8952808988764045, 0.90701914311759346, 0.8826914563966356, 0.90634993147555953]",0.9001,0.837113957862,0.9897,0.908723729667
MiniVGG1,dog-horse,"[0.91200000000000003, 0.91100000000000003, 0.91000000000000003, 0.92000000000000004, 0.91200000000000003, 0.89300000000000002, 0.90349999999999997, 0.91000000000000003, 0.91600000000000004, 0.91349999999999998]","[0.88099381443298974, 0.87475951903807614, 0.87110671936758899, 0.89260869565217393, 0.8704806201550388, 0.87949644549763029, 0.88613533408833522, 0.88891684901531731, 0.88751867219917013, 0.86912630579297245]","[0.89700000000000002, 0.91000000000000003, 0.91600000000000004, 0.90300000000000002, 0.92800000000000005, 0.81499999999999995, 0.84499999999999997, 0.86699999999999999, 0.89800000000000002, 0.93999999999999995]","[0.91065989847715745, 0.91091091091091092, 0.91053677932405563, 0.91861648016276698, 0.91338582677165359, 0.88394793926247284, 0.89750398300584167, 0.90595611285266464, 0.91446028513238298, 0.91573307355090106]",0.9101,0.880114297524,0.8919,0.908171128945
MiniVGG1,dog-ship,"[0.98150000000000004, 0.97850000000000004, 0.98250000000000004, 0.97899999999999998, 0.97699999999999998, 0.97850000000000004, 0.97950000000000004, 0.97750000000000004, 0.97799999999999998, 0.97799999999999998]","[0.9718988035892322, 0.96662065541211528, 0.97428928928928937, 0.96532775590551179, 0.96333102766798429, 0.96527393879565659, 0.9708256281407035, 0.96427546983184964, 0.96657370517928287, 0.97072819472616634]","[0.98299999999999998, 0.98199999999999998, 0.98199999999999998, 0.98699999999999999, 0.98299999999999998, 0.98499999999999999, 0.97699999999999998, 0.98299999999999998, 0.97999999999999998, 0.97099999999999997]","[0.98152770843734405, 0.97857498754359751, 0.98249124562281143, 0.97916666666666674, 0.97713717693836977, 0.97863884749130658, 0.97944862155388468, 0.97762307309796115, 0.97804391217564868, 0.97784491440080568]",0.979,0.967914446854,0.9813,0.979049715393
MiniVGG1,dog-truck,"[0.97950000000000004, 0.98050000000000004, 0.97999999999999998, 0.97650000000000003, 0.97250000000000003, 0.97399999999999998, 0.97799999999999998, 0.97899999999999998, 0.97550000000000003, 0.97599999999999998]","[0.97036208625877629, 0.97369817997977748, 0.97225806451612906, 0.96194679802955663, 0.9695376175548589, 0.97006639004149375, 0.96932661290322575, 0.97125858585858582, 0.96007079646017701, 0.97206611570247936]","[0.97799999999999998, 0.97499999999999998, 0.97599999999999998, 0.98399999999999999, 0.95099999999999996, 0.95599999999999996, 0.97399999999999998, 0.97399999999999998, 0.98399999999999999, 0.95999999999999996]","[0.97946920380570857, 0.98039215686274506, 0.97991967871485941, 0.9766749379652605, 0.97189575881451196, 0.97352342158859462, 0.97791164658634544, 0.97889447236180893, 0.97570649479424898, 0.97560975609756095]",0.97715,0.969059124731,0.9712,0.976999752759
MiniVGG1,frog-horse,"[0.93400000000000005, 0.95699999999999996, 0.95299999999999996, 0.92849999999999999, 0.92000000000000004, 0.94599999999999995, 0.94799999999999995, 0.9335, 0.93999999999999995, 0.9375]","[0.93300458715596335, 0.95210706638115639, 0.95101750547045949, 0.92750464576074332, 0.91900473933649285, 0.94401777777777784, 0.94503964757709258, 0.93151828571428574, 0.93801801801801798, 0.93551812004530011]","[0.87, 0.92400000000000004, 0.91000000000000003, 0.85899999999999999, 0.84199999999999997, 0.89600000000000002, 0.90200000000000002, 0.871, 0.88400000000000001, 0.879]","[0.92948717948717952, 0.9555325749741469, 0.95088819226750265, 0.92315959161741001, 0.91323210412147504, 0.94315789473684208, 0.9454926624737946, 0.9290666666666666, 0.93644067796610164, 0.9336165693043017]",0.93975,0.937675039324,0.8837,0.936007411362
MiniVGG1,frog-ship,"[0.96999999999999997, 0.97850000000000004, 0.98099999999999998, 0.97199999999999998, 0.98150000000000004, 0.97999999999999998, 0.97550000000000003, 0.98150000000000004, 0.97150000000000003, 0.96499999999999997]","[0.96850951374207184, 0.97553715170278643, 0.97658265306122449, 0.97150105708245249, 0.97612284263959392, 0.97703703703703704, 0.97302601456815818, 0.97422658610271906, 0.97050422386483626, 0.9625265957446808]","[0.94299999999999995, 0.96299999999999997, 0.97099999999999997, 0.94499999999999995, 0.97399999999999998, 0.96599999999999997, 0.95599999999999996, 0.97799999999999998, 0.94499999999999995, 0.93500000000000005]","[0.96916752312435761, 0.97816150330116813, 0.9808080808080808, 0.97122302158273377, 0.98136020151133496, 0.97971602434077076, 0.97501274859765419, 0.98143502257902659, 0.97072419106317409, 0.96391752577319578]",0.97565,0.972557367555,0.9576,0.975152584268
MiniVGG1,frog-truck,"[0.96499999999999997, 0.95599999999999996, 0.97350000000000003, 0.95299999999999996, 0.97299999999999998, 0.97199999999999998, 0.97099999999999997, 0.96799999999999997, 0.97550000000000003, 0.94750000000000001]","[0.96400428265524618, 0.95599999999999996, 0.97300105374077972, 0.95300000000000007, 0.9720042105263158, 0.97001680672268908, 0.9700042283298097, 0.96750106609808106, 0.97450418848167542, 0.94700111482720173]","[0.93200000000000005, 0.91200000000000003, 0.94799999999999995, 0.90600000000000003, 0.94799999999999995, 0.94799999999999995, 0.94399999999999995, 0.93700000000000006, 0.95299999999999996, 0.89600000000000002]","[0.96380558428128238, 0.95397489539748959, 0.97280656747049765, 0.95068205666316885, 0.97230769230769232, 0.97131147540983609, 0.97019527235354575, 0.96697626418988647, 0.97493606138107414, 0.94464944649446492]",0.96545,0.964703695138,0.9324,0.964164531595
MiniVGG1,horse-ship,"[0.97899999999999998, 0.96999999999999997, 0.97250000000000003, 0.97250000000000003, 0.97399999999999998, 0.97099999999999997, 0.96999999999999997, 0.95799999999999996, 0.96899999999999997, 0.97250000000000003]","[0.97172773279352231, 0.94822393822393825, 0.96244680851063824, 0.9657014388489209, 0.9710375, 0.96326283367556464, 0.94988326848249027, 0.92504112149532713, 0.96458472803347273, 0.95448680351906157]","[0.97299999999999998, 0.98799999999999999, 0.96599999999999997, 0.95899999999999996, 0.95399999999999996, 0.95799999999999996, 0.98399999999999999, 0.99299999999999999, 0.94699999999999995, 0.98399999999999999]","[0.97887323943661964, 0.97053045186640474, 0.97232008052340202, 0.97212366953877338, 0.97346938775510194, 0.97061803444782169, 0.97041420118343191, 0.95942028985507233, 0.9683026584867076, 0.97281265447355414]",0.97085,0.957639617358,0.9706,0.970888466757
MiniVGG1,horse-truck,"[0.96899999999999997, 0.96750000000000003, 0.97099999999999997, 0.96099999999999997, 0.96099999999999997, 0.96750000000000003, 0.96550000000000002, 0.97250000000000003, 0.96550000000000002, 0.96550000000000002]","[0.95894999999999997, 0.96165015641293006, 0.95868008048289743, 0.95803854389721632, 0.95755235042735043, 0.96117585848074916, 0.94623793103448284, 0.96336724313326549, 0.94665942744323783, 0.94251790900290411]","[0.95899999999999996, 0.94699999999999995, 0.96799999999999997, 0.92800000000000005, 0.92900000000000005, 0.94799999999999995, 0.97299999999999998, 0.96399999999999997, 0.97199999999999998, 0.98199999999999998]","[0.9686868686868686, 0.96681980602348128, 0.97091273821464386, 0.95966907962771464, 0.95971074380165289, 0.9668536460989291, 0.96575682382133998, 0.97226424609178008, 0.96572280178837555, 0.96606000983767826]",0.9666,0.955482950032,0.957,0.966245676399
MiniVGG1,ship-truck,"[0.94650000000000001, 0.9415, 0.94899999999999995, 0.94999999999999996, 0.9415, 0.94899999999999995, 0.94750000000000001, 0.94899999999999995, 0.9355, 0.94499999999999995]","[0.93070291363163371, 0.92789373007438902, 0.93896914893617023, 0.92122093023255813, 0.91823961499493412, 0.93362966804979253, 0.93432439537329126, 0.93233608247422683, 0.92367861020629749, 0.93094736842105275]","[0.92700000000000005, 0.91200000000000003, 0.91900000000000004, 0.96599999999999997, 0.93500000000000005, 0.93100000000000005, 0.92300000000000004, 0.93400000000000005, 0.89600000000000002, 0.92000000000000004]","[0.94543600203977562, 0.9397217928902627, 0.9474226804123711, 0.95078740157480313, 0.94111726220432812, 0.94806517311608951, 0.94618144541260896, 0.94822335025380722, 0.93284747527329526, 0.94358974358974368]",0.94545,0.929194246239,0.9263,0.944339232677
